Workbook

Sheet Assumptions
B2: Prior Authorization Modernization — Cost Model
B3: Assumptions
B4: Prepared for Richard Williams, IBM • July 2026
B5: All figures below are illustrative planning-level placeholders (not quotes) — cells in blue are inputs. Replace with actual rates/quotes when known.
B7: Labor Rates ($ / day, blended)
B8: Role | C8: Daily Rate ($) | E8: Note
B9: Tech Lead | C9: 1450 | E9: Illustrative U.S. blended consulting rate — replace with actual rate
B10: Backend/FHIR Engineer 1 | C10: 1100 | E10: Illustrative U.S. blended consulting rate — replace with actual rate
B11: Backend/FHIR Engineer 2 | C11: 1100 | E11: Illustrative U.S. blended consulting rate — replace with actual rate
B12: Data/Integration Engineer | C12: 1100 | E12: Illustrative U.S. blended consulting rate — replace with actual rate
B13: Frontend Engineer | C13: 1000 | E13: Illustrative U.S. blended consulting rate — replace with actual rate
B14: QA Engineer | C14: 900 | E14: Illustrative U.S. blended consulting rate — replace with actual rate
B15: Security Engineer | C15: 1250 | E15: Illustrative U.S. blended consulting rate — replace with actual rate
B16: Product/Clinical SME | C16: 1300 | E16: Illustrative U.S. blended consulting rate — replace with actual rate
B17: Project Manager | C17: 1050 | E17: Illustrative U.S. blended consulting rate — replace with actual rate
B18: Clinical Policy Reviewer | C18: 950 | E18: Illustrative U.S. blended consulting rate — replace with actual rate
B20: Schedule Assumptions
B21: Working days per week | C21: 5 | E21: Standard 5-day work week
B22: Build duration (weeks) | C22: 18 | E22: From the Implementation Plan — total project End Week
B23: Avg. working days per month | C23: 21.7 | E23: 52 weeks x 5 days / 12 months
B24: Build duration (months) | C24: =C22*C21/C23 -> 4.1474654 | E24: Calculated from build duration in weeks
B26: Cloud Hosting — Infrastructure (Monthly, USD)
B27: Cloud Provider | C27: AWS | E27: Select AWS or Azure — drives the Total Infrastructure cost below
B28: Component | C28: AWS ($/mo) | D28: Azure ($/mo) | E28: Note
B29: Compute — CRD/DTR/PAS microservices | C29: 1400 | D29: 1500 | E29: AWS Fargate (ECS) / Azure Container Apps
B30: Managed FHIR Datastore | C30: 2800 | D30: 3200 | E30: AWS HealthLake / Azure Health Data Services (FHIR service)
B31: PA Aggregation DB & Object Storage | C31: 600 | D31: 650 | E31: RDS Postgres + S3 / Azure Cosmos DB + Blob Storage
B32: DTR SMART App Hosting (CDN) | C32: 300 | D32: 300 | E32: CloudFront + S3 / Azure Static Web Apps + CDN
B33: API Gateway / Load Balancer | C33: 250 | D33: 280 | E33: AWS ALB + API Gateway / Azure API Management
B34: Backup & Disaster Recovery | C34: 400 | D34: 450 | E34: Cross-region backup and point-in-time recovery
B35: Monitoring & Logging | C35: 300 | D35: 320 | E35: Amazon CloudWatch / Azure Monitor
B36: Security — WAF, Key Mgmt, Secrets | C36: 250 | D36: 270 | E36: AWS WAF + KMS / Azure Front Door WAF + Key Vault
B37: Total Infrastructure (Monthly, Selected Provider) | C37: =IF(C27="AWS",SUM(C29:C36),SUM(D29:D36)) -> 6300
B39: Integration Scope — EMR Connections
B40: EMR connections included in base build | C40: 1 | E40: Base build (Phase 4b) integrates one EMR via generic US Core v3
B41: Total EMR connections in scope | C41: 4 | E41: Idaho: Epic + Oracle Health/Cerner + MEDITECH + 1 platform for remaining independent/CAH facilities — see Idaho EMR & Facility Landscape below
B42: Cost per additional EMR connection (one-time) | C42: 35000 | E42: Vendor app-store certification (e.g., Epic App Orchard), sandbox integration & testing
B43: Cost per additional EMR connection (monthly, ongoing) | C43: 500 | E43: Ongoing vendor fees + maintenance per connected EMR
B44: Additional EMR connections | C44: =MAX(0,C41-C40) -> 3 | E44: Total minus what the base build already includes
B46: Idaho EMR & Facility Landscape
B47: Research-based facility counts per EMR platform, current as of July 2026 (see chat for sources). The ‘Platform’ rows above cover the one-time engineering cost to integrate with each EMR VENDOR once; every individual hospital/facility running that vendor still needs its own site rollout — that per-facility cost is priced separately below.
B48: EMR Platform | C48: Idaho Hospital Facilities | E48: Note / Source
B49: Epic | C49: 7 | E49: St. Luke's Health System (6 hospitals) + Kootenai Health (1) — both confirmed Epic
B50: Oracle Health / Cerner | C50: 2 | E50: Saint Alphonsus Idaho facilities (Boise + Nampa); Trinity Health parent may migrate to Epic over time — monitor
B51: MEDITECH | C51: 9 | E51: HCA/Eastern Idaho Regional Medical Center (1, confirmed Expanse) + ~8 estimated critical access hospitals (MEDITECH targets 1-200 bed facilities)
B52: Other / Unconfirmed (CPSI, Cerner CommunityWorks, athenahealth, independent) | C52: 37 | E52: Remaining Idaho hospitals, mostly small critical access facilities — vendor mix not individually confirmed, needs direct payer/facility outreach
B53: Total Idaho Hospital Facilities | C53: =SUM(C49:C52) -> 55 | E53: Idaho: 55 hospitals total, incl. 27 CMS-designated critical access hospitals (Becker's Hospital Review / RHT Compass, 2025)
B55: Facilities in scope for initial deployment | C55: 18 | E55: Default = the 3 confirmed platforms only (Epic 7 + Oracle Health/Cerner 2 + MEDITECH 9); expand once the 'Other/Unconfirmed' 37 are vendor-confirmed
B56: Cost per facility install (one-time) | C56: 4000 | E56: Site-specific go-live: order-set/workflow validation, local IT coordination, provider orientation — much lighter than the platform-level build
B57: Cost per facility install (monthly, ongoing) | C57: 150 | E57: Per-site monitoring, credential rotation, minor local config support
B58: Total Facility Rollout Cost (one-time) | C58: =C55*C56 -> 72000
B59: Total Facility Connectivity Cost (monthly, ongoing) | C59: =C55*C57 -> 2700
B61: Integration Scope — Payer Connections
B62: Production payer connections in scope | C62: 3 | E62: Each payer requires its own CRD/DTR/PAS endpoint onboarding & trading partner agreement
B63: Cost per payer onboarding (one-time) | C63: 20000 | E63: Endpoint conformance testing, EDI 278/275 mapping validation, trading partner agreement, go-live certification
B64: Cost per payer connection (monthly, ongoing) | C64: 750 | E64: Monitoring + per-payer clearinghouse/EDI fees
B66: Other Endpoints
B67: EDI clearinghouse connection setup (one-time) | C67: 8000 | E67: One-time trading-partner setup, distinct from the monthly translator fee below
B68: Additional HIE / data-source connections | C68: 0 | E68: State HIE or other external clinical data source — optional, defaults to none
B69: Cost per additional HIE connection (one-time) | C69: 15000 | E69: Only applies if the count above is > 0
B71: Third-Party Licensing
B72: Item | C72: Cost | E72: Note
B73: Milliman Care Guidelines API (annual) | C73: 60000 | E73: Illustrative annual license fee — confirm with vendor
B74: InterQual API (annual) | C74: 55000 | E74: Illustrative annual license fee — confirm with vendor
B75: EDI Clearinghouse / Translator (monthly) | C75: 1500 | E75: Transaction-based estimate for X12 278/275
B76: watsonx / GenAI Usage — Build Phase (monthly) | C76: 2000 | E76: Lower volume during build/test
B77: watsonx / GenAI Usage — Post-Launch (monthly) | C77: 4000 | E77: Estimated production volume
B79: HIPAA & Compliance Certification
B80: HIPAA Risk Assessment & Gap Remediation (one-time) | C80: 30000 | E80: Third-party HIPAA Security Rule risk assessment ahead of go-live
B81: BAA Legal Review & Execution (one-time) | C81: 5000 | E81: Legal review/execution of Business Associate Agreements with EMR/payer partners
B82: SOC 2 Type II Readiness + Audit — Year 1 (one-time) | C82: 45000 | E82: Common trust requirement for payer/EMR trading partners
B83: SOC 2 Type II Annual Renewal (ongoing/year) | C83: 25000 | E83: Recurring annual audit after Year 1
B84: Include HITRUST CSF Certification? | C84: No | E84: Optional upgrade — only if required by a specific payer/EMR trading partner
B85: HITRUST CSF Certification (one-time) | C85: 120000 | E85: Only applied to totals if 'Include HITRUST' above is Yes
B86: HITRUST CSF Annual Renewal (ongoing/year) | C86: 40000 | E86: Only applied to totals if 'Include HITRUST' above is Yes
B88: One-Time Costs (Other)
B89: External Security Penetration Test | C89: 25000 | E89: One-time, ahead of go-live
B90: UAT Logistics & Clinical SME Stipends | C90: 8000 | E90: One-time, hardening sprint
B91: Total One-Time Costs (Other) | C91: =SUM(C89:C90) -> 33000
B93: Contingency % | C93: 0.15 | E93: Applied to Labor + Infrastructure + Licensing + Integration + Compliance + One-Time subtotal
B95: Post Go-Live Support (Ongoing, Monthly)
B96: Backend/FHIR Support Engineer allocation (FTE) | C96: 0.5 | E96: Ongoing production support
B97: QA Support allocation (FTE) | C97: 0.25 | E97: Ongoing regression/monitoring support
B98: Infra scale-up factor, post-launch | C98: 1.2 | E98: Applied to build-phase infra monthly total for production load
B100: Policy Ingestion & Clinical Review (Intelligent Policy Engine -> DTR Rules)
B101: Every payer medical policy the Intelligent Policy Engine converts into a DTR Questionnaire+CQL rule set must be clinically reviewed and signed off before use — this section is unscoped in the base 57-task build plan (S0-03 only validates the pipeline on one sample policy) and needs its own headcount and per-document cost.
B102: Policies per payer — initial ingestion scope | C102: 150 | E102: PLACEHOLDER — actual policy library size is unknown; confirm the real count with each payer and update this cell
B103: Total policies — initial ingestion | C103: =Assumptions!C62*C102 -> 450 | E103: Production payer connections (above) x policies per payer
B104: New / revised policies per payer, per year | C104: 30 | E104: Illustrative — payers typically revise ~15-25% of active policies annually plus add new ones
B105: Total policies processed — annual (ongoing) | C105: =Assumptions!C62*C104 -> 90 | E105: Production payer connections (above) x new/revised policies per payer per year
B106: Clinical Policy Reviewer hours per working day | C106: 8 | E106: Standard full workday
B107: Review hours per document — initial ingestion | C107: 2 | E107: Read source policy, verify AI-extracted JSON/Questionnaire/CQL mapping, validate ICD-10/CPT code sets, sign off
B108: Review hours per document — annual revision | C108: 1 | E108: Lighter delta-review against an already-approved baseline
B109: Clinical Policy Reviewer hourly rate | C109: =C18/C106 -> 118.75 | E109: Clinical Policy Reviewer daily rate (Labor Rates above) / hours per day
B110: Cost per document — initial ingestion | C110: =C109*C107 -> 237.5 | E110: Reviewer hourly rate x initial review hours per document
B111: Cost per document — annual revision | C111: =C109*C108 -> 118.75 | E111: Reviewer hourly rate x revision review hours per document
B112: Total Initial Policy Review Cost (one-time) | C112: =C103*C110 -> 106875
B113: Total Annual Policy Revision Review Cost (ongoing) | C113: =C105*C111 -> 10687.5
B114: Implied reviewer FTEs to clear initial backlog within build window | C114: =(C103*C107)/(Assumptions!C22*Assumptions!C21*C106) -> 1.25 | E114: Total initial review hours / (build weeks x days/week x hours/day) — staffing guide only

Sheet Task Cost Detail
A1: ID | B1: Phase | C1: Task | D1: Owner Role | E1: Person-Days | F1: Daily Rate ($) | G1: Task Cost ($)
A2: S0-01 | B2: S0 | C2: Repo & Environment Review | D2: Tech Lead | E2: 3 | F2: =INDEX(Assumptions!$C$9:$C$18,MATCH(D2,Assumptions!$B$9:$B$18,0)) -> 1450 | G2: =E2*F2 -> 4350
A3: S0-02 | B3: S0 | C3: Cut feature/phase4-crd-dtr-pas-integration Branch | D3: Tech Lead | E3: 0.5 | F3: =INDEX(Assumptions!$C$9:$C$18,MATCH(D3,Assumptions!$B$9:$B$18,0)) -> 1450 | G3: =E3*F3 -> 725
A4: S0-03 | B4: S0 | C4: Intelligent Policy Engine Schema Spike | D4: Data/Integration Engineer | E4: 5 | F4: =INDEX(Assumptions!$C$9:$C$18,MATCH(D4,Assumptions!$B$9:$B$18,0)) -> 1100 | G4: =E4*F4 -> 5500
A5: S0-04 | B5: S0 | C5: Milliman/InterQual API Access & Licensing Confirmation | D5: Product/Clinical SME | E5: 3 | F5: =INDEX(Assumptions!$C$9:$C$18,MATCH(D5,Assumptions!$B$9:$B$18,0)) -> 1300 | G5: =E5*F5 -> 3900
A6: S0-05 | B6: S0 | C6: Payer Endpoint Directory & Capability Schema | D6: Backend/FHIR Engineer 1 | E6: 3 | F6: =INDEX(Assumptions!$C$9:$C$18,MATCH(D6,Assumptions!$B$9:$B$18,0)) -> 1100 | G6: =E6*F6 -> 3300
A7: S0-06 | B7: S0 | C7: CI/CD & Environment Setup | D7: Tech Lead | E7: 2 | F7: =INDEX(Assumptions!$C$9:$C$18,MATCH(D7,Assumptions!$B$9:$B$18,0)) -> 1450 | G7: =E7*F7 -> 2900
A8: S0-07 | B8: S0 | C8: Confidence-Threshold Policy Workshop | D8: Product/Clinical SME | E8: 2 | F8: =INDEX(Assumptions!$C$9:$C$18,MATCH(D8,Assumptions!$B$9:$B$18,0)) -> 1300 | G8: =E8*F8 -> 2600
A9: 4A-01 | B9: 4A | C9: CDS Hooks Client | D9: Backend/FHIR Engineer 1 | E9: 5 | F9: =INDEX(Assumptions!$C$9:$C$18,MATCH(D9,Assumptions!$B$9:$B$18,0)) -> 1100 | G9: =E9*F9 -> 5500
A10: 4A-02 | B10: 4A | C10: Prior Auth Service Orchestrator (Skeleton) | D10: Backend/FHIR Engineer 1 | E10: 5 | F10: =INDEX(Assumptions!$C$9:$C$18,MATCH(D10,Assumptions!$B$9:$B$18,0)) -> 1100 | G10: =E10*F10 -> 5500
A11: 4A-03 | B11: 4A | C11: Eligibility & Enrollment Check | D11: Backend/FHIR Engineer 2 | E11: 4 | F11: =INDEX(Assumptions!$C$9:$C$18,MATCH(D11,Assumptions!$B$9:$B$18,0)) -> 1100 | G11: =E11*F11 -> 4400
A12: 4A-04 | B12: 4A | C12: Provider Network Status Check | D12: Backend/FHIR Engineer 2 | E12: 4 | F12: =INDEX(Assumptions!$C$9:$C$18,MATCH(D12,Assumptions!$B$9:$B$18,0)) -> 1100 | G12: =E12*F12 -> 4400
A13: 4A-05 | B13: 4A | C13: Milliman/InterQual Guideline Check | D13: Backend/FHIR Engineer 2 | E13: 4 | F13: =INDEX(Assumptions!$C$9:$C$18,MATCH(D13,Assumptions!$B$9:$B$18,0)) -> 1100 | G13: =E13*F13 -> 4400
... A58: HD-07 | B58: HD | C58: Documentation & Handoff | D58: Tech Lead | E58: 2 | F58: =INDEX(Assumptions!$C$9:$C$18,MATCH(D58,Assumptions!$B$9:$B$18,0)) -> 1450 | G58: =E58*F58 -> 2900
C59: TOTAL | E59: =SUM(E2:E58) -> 204.5 | G59: =SUM(G2:G58) -> 221575

Sheet Cost Summary
B2: Cost Summary — Implementation (Build) Cost
B3: Scope: 1 payer set of test profiles is built/tested in Phase 4b; production EMR and payer connection counts are set in Assumptions.
B5: Labor Cost by Role
B6: Role | C6: Person-Days | D6: Cost ($)
B7: Tech Lead | C7: =SUMIF('Task Cost Detail'!$D$2:$D$1000,B7,'Task Cost Detail'!$E$2:$E$1000) -> 7.5 | D7: =SUMIF('Task Cost Detail'!$D$2:$D$1000,B7,'Task Cost Detail'!$G$2:$G$1000) -> 10875
B8: Backend/FHIR Engineer 1 | C8: =SUMIF('Task Cost Detail'!$D$2:$D$1000,B8,'Task Cost Detail'!$E$2:$E$1000) -> 57 | D8: =SUMIF('Task Cost Detail'!$D$2:$D$1000,B8,'Task Cost Detail'!$G$2:$G$1000) -> 62700
B9: Backend/FHIR Engineer 2 | C9: =SUMIF('Task Cost Detail'!$D$2:$D$1000,B9,'Task Cost Detail'!$E$2:$E$1000) -> 47 | D9: =SUMIF('Task Cost Detail'!$D$2:$D$1000,B9,'Task Cost Detail'!$G$2:$G$1000) -> 51700
B10: Data/Integration Engineer | C10: =SUMIF('Task Cost Detail'!$D$2:$D$1000,B10,'Task Cost Detail'!$E$2:$E$1000) -> 13 | D10: =SUMIF('Task Cost Detail'!$D$2:$D$1000,B10,'Task Cost Detail'!$G$2:$G$1000) -> 14300
B11: Frontend Engineer | C11: =SUMIF('Task Cost Detail'!$D$2:$D$1000,B11,'Task Cost Detail'!$E$2:$E$1000) -> 32 | D11: =SUMIF('Task Cost Detail'!$D$2:$D$1000,B11,'Task Cost Detail'!$G$2:$G$1000) -> 32000
B12: QA Engineer | C12: =SUMIF('Task Cost Detail'!$D$2:$D$1000,B12,'Task Cost Detail'!$E$2:$E$1000) -> 28 | D12: =SUMIF('Task Cost Detail'!$D$2:$D$1000,B12,'Task Cost Detail'!$G$2:$G$1000) -> 25200
B13: Security Engineer | C13: =SUMIF('Task Cost Detail'!$D$2:$D$1000,B13,'Task Cost Detail'!$E$2:$E$1000) -> 4 | D13: =SUMIF('Task Cost Detail'!$D$2:$D$1000,B13,'Task Cost Detail'!$G$2:$G$1000) -> 5000
B14: Product/Clinical SME | C14: =SUMIF('Task Cost Detail'!$D$2:$D$1000,B14,'Task Cost Detail'!$E$2:$E$1000) -> 12 | D14: =SUMIF('Task Cost Detail'!$D$2:$D$1000,B14,'Task Cost Detail'!$G$2:$G$1000) -> 15600
B15: Project Manager | C15: =SUMIF('Task Cost Detail'!$D$2:$D$1000,B15,'Task Cost Detail'!$E$2:$E$1000) -> 4 | D15: =SUMIF('Task Cost Detail'!$D$2:$D$1000,B15,'Task Cost Detail'!$G$2:$G$1000) -> 4200
B16: Clinical Policy Reviewer | C16: =SUMIF('Task Cost Detail'!$D$2:$D$1000,B16,'Task Cost Detail'!$E$2:$E$1000) -> 0 | D16: =SUMIF('Task Cost Detail'!$D$2:$D$1000,B16,'Task Cost Detail'!$G$2:$G$1000) -> 0
B17: Total Labor Cost | C17: =SUM(C7:C16) -> 204.5 | D17: =SUM(D7:D16) -> 221575
B19: Labor Cost by Phase
B20: Phase | C20: Phase Name | D20: Cost ($)
B21: S0 | C21: Sprint 0 — Foundation & Design Spike | D21: =SUMIF('Task Cost Detail'!$B$2:$B$1000,B21,'Task Cost Detail'!$G$2:$G$1000) -> 23275
B22: 4A | C22: Phase 4a — CRD Integration & Checklist UI | D22: =SUMIF('Task Cost Detail'!$B$2:$B$1000,B22,'Task Cost Detail'!$G$2:$G$1000) -> 43750
B23: 4B | C23: Phase 4b — DTR, Aggregation FHIR Server & Necessity Tree UI | D23: =SUMIF('Task Cost Detail'!$B$2:$B$1000,B23,'Task Cost Detail'!$G$2:$G$1000) -> 55150
B24: 4C | C24: Phase 4c — PAS Submission & Channel Routing | D24: =SUMIF('Task Cost Detail'!$B$2:$B$1000,B24,'Task Cost Detail'!$G$2:$G$1000) -> 29300
B25: 4D | C25: Phase 4d — Evidence Record & Status Sync | D25: =SUMIF('Task Cost Detail'!$B$2:$B$1000,B25,'Task Cost Detail'!$G$2:$G$1000) -> 26200
B26: 4E | C26: Phase 4e — Back-Office Batch Worklist | D26: =SUMIF('Task Cost Detail'!$B$2:$B$1000,B26,'Task Cost Detail'!$G$2:$G$1000) -> 17600
B27: HD | C27: Hardening — Integration, Security, Compliance, UAT | D27: =SUMIF('Task Cost Detail'!$B$2:$B$1000,B27,'Task Cost Detail'!$G$2:$G$1000) -> 26300
B29: Scope Detail — EMR, Payer & Other Endpoints
B30: Item | C30: Quantity | D30: Cost ($, one-time)
B31: EMR connections (additional, beyond base build) | C31: =Assumptions!C44 -> 3 | D31: =Assumptions!C44*Assumptions!C42 -> 105000
B32: Payer connections (production onboarding) | C32: =Assumptions!C62 -> 3 | D32: =Assumptions!C62*Assumptions!C63 -> 60000
B33: EDI clearinghouse connection setup | C33: 1 | D33: =Assumptions!C67 -> 8000
B34: Additional HIE / data-source connections | C34: =Assumptions!C68 -> 0 | D34: =Assumptions!C68*Assumptions!C69 -> 0
B35: Idaho facility rollout (per-site install, one-time) | C35: =Assumptions!C55 -> 18 | D35: =Assumptions!C58 -> 72000
B36: Total EMR / Payer / Endpoint Cost | D36: =D31+D32+D33+D34+D35 -> 245000
B38: HIPAA & Compliance Certification
B39: Item | C39: Cost ($, one-time)
B40: HIPAA Risk Assessment & Remediation | C40: =Assumptions!C80 -> 30000
B41: BAA Legal Review & Execution | C41: =Assumptions!C81 -> 5000
B42: SOC 2 Type II — Year 1 (readiness + audit) | C42: =Assumptions!C82 -> 45000
B43: HITRUST CSF Certification (if included) | C43: =IF(Assumptions!C84="Yes",Assumptions!C85,0) -> 0
B44: Total Compliance Cost | C44: =SUM(C40:C43) -> 80000
B46: Policy Ingestion & Clinical Review (Intelligent Policy Engine -> DTR Rules)
B47: Metric | C47: Value | D47: Note
B48: Production payer connections | C48: =Assumptions!C62 -> 3 | D48: From Integration Scope — Payer Connections
B49: Policies per payer (initial scope) | C49: =Assumptions!C102 -> 150 | D49: PLACEHOLDER — confirm actual policy library size per payer
B50: Total policies — initial ingestion | C50: =Assumptions!C103 -> 450 | D50: Clinically reviewed once, at launch
B51: Cost per document — initial ingestion | C51: =Assumptions!C110 -> 237.5 | D51: Clinical Policy Reviewer hourly rate x initial review hours
B52: Total Initial Policy Review Cost (one-time) | C52: =Assumptions!C112 -> 106875
B53: Implied Clinical Policy Reviewer FTEs (to clear initial backlog within the build window) | C53: =Assumptions!C114 -> 1.25 | D53: Staffing guide only — see Assumptions
B54: New / revised policies per payer, per year (ongoing) | C54: =Assumptions!C104 -> 30 | D54: Illustrative annual revision rate
B55: Total policies processed — annual (ongoing) | C55: =Assumptions!C105 -> 90 | D55: Feeds the Ongoing Run-Rate tab
B57: Idaho EMR & Facility Rollout
B58: Metric | C58: Value | D58: Note
B59: Total Idaho hospital facilities (all vendors) | C59: =Assumptions!C53 -> 55 | D59: 55 hospitals statewide, incl. 27 critical access hospitals
B60: Facilities in scope for initial deployment | C60: =Assumptions!C55 -> 18 | D60: Epic (7) + Oracle Health/Cerner (2) + MEDITECH (9) -- the 3 confirmed platforms
B61: Cost per facility (one-time) | C61: =Assumptions!C56 -> 4000 | D61: Site go-live: workflow validation, IT coordination, training
B62: Total Facility Rollout Cost (one-time) | C62: =Assumptions!C58 -> 72000
B63: Cost per facility (monthly, ongoing) | C63: =Assumptions!C57 -> 150 | D63: Per-site monitoring, credential rotation, local support
B65: Implementation Cost Build-Up
B66: Category | C66: Cost ($) | D66: Basis
B67: Labor | C67: =D17 -> 221575 | D67: Sum of all 57 task costs (Task Cost Detail)
B68: Infrastructure (build phase) | C68: =Assumptions!C37*Assumptions!C24 -> 26129.032 | D68: Monthly infra total (selected cloud provider) x build duration in months
B69: Third-Party Licensing (build phase) | C69: =Assumptions!C73/12*Assumptions!C24+Assumptions!C74/12*Assumptions!C24+Assumptions!C75*Assumptions!C24+Assumptions!C76*Assumptions!C24 -> 54262.673 | D69: Milliman + InterQual (pro-rated annual) + EDI translator + watsonx, all x build months
B70: EMR / Payer / Other Endpoint Onboarding | C70: =D36 -> 245000 | D70: See Scope Detail above
B71: HIPAA & Compliance Certification | C71: =C44 -> 80000 | D71: See HIPAA & Compliance Certification above
B72: One-Time Costs (Other) | C72: =Assumptions!C91 -> 33000 | D72: Security penetration test + UAT logistics
B73: Policy Ingestion — Initial Clinical Review | C73: =Assumptions!C112 -> 106875 | D73: Clinical Policy Reviewer sign-off on every policy converted to a DTR rule set at launch — see Assumptions
B74: Subtotal | C74: =SUM(C67:C73) -> 766841.71
B75: Contingency | C75: =C74*Assumptions!C93 -> 115026.26 | D75: Contingency % applied to subtotal
B76: TOTAL IMPLEMENTATION COST | C76: =C74+C75 -> 881867.96

Sheet Ongoing Run-Rate
B2: Ongoing Run-Rate — Post Go-Live (Steady State)
B3: Monthly and annual operating cost once the solution is live, independent of the one-time build cost.
B5: Category | C5: Monthly ($) | D5: Basis
B6: Infrastructure & Hosting (scaled for production) | C6: =Assumptions!C37*Assumptions!C98 -> 7560 | D6: Build-phase infra monthly total (selected cloud provider) x post-launch scale-up factor
B7: Third-Party Licensing (recurring) | C7: =Assumptions!C73/12+Assumptions!C74/12+Assumptions!C75+Assumptions!C77 -> 15083.333 | D7: Milliman/12 + InterQual/12 + EDI translator + watsonx (post-launch volume)
B8: Backend/FHIR Support Labor | C8: =Assumptions!C96*Assumptions!C10*Assumptions!C23 -> 11935 | D8: Support FTE allocation x daily rate x avg. working days/month
B9: QA Support Labor | C9: =Assumptions!C97*Assumptions!C14*Assumptions!C23 -> 4882.5 | D9: Support FTE allocation x daily rate x avg. working days/month
B10: Additional EMR Connections (maintenance) | C10: =Assumptions!C44*Assumptions!C43 -> 1500 | D10: Additional EMR connections x ongoing monthly rate per connection
B11: Payer Connections (monitoring & fees) | C11: =Assumptions!C62*Assumptions!C64 -> 2250 | D11: Production payer connections x ongoing monthly rate per connection
B12: SOC 2 Type II Annual Renewal (amortized monthly) | C12: =Assumptions!C83/12 -> 2083.3333 | D12: Annual renewal cost spread across 12 months
B13: HITRUST CSF Annual Renewal (amortized monthly, if included) | C13: =IF(Assumptions!C84="Yes",Assumptions!C86/12,0) -> 0 | D13: Only non-zero if HITRUST is included in Assumptions
B14: Policy Revision — Clinical Review (amortized monthly) | C14: =Assumptions!C113/12 -> 890.625 | D14: Annual clinical review cost for new/revised payer policies, spread across 12 months
B15: Facility Connectivity (per-install, ongoing) | C15: =Assumptions!C59 -> 2700 | D15: Facilities in scope x monthly cost per facility install (Idaho EMR & Facility Landscape)
B16: Total Monthly Run-Rate | C16: =SUM(C6:C15) -> 48884.792
B17: Total Annual Run-Rate | C17: =C16*12 -> 586617.5
