Workbook

Sheet Assumptions
B2: Prior Authorization Modernization — Cost Model
B3: Assumptions
B4: Prepared for Richard Williams, IBM • July 2026
B5: All figures below are illustrative planning-level placeholders (not quotes) — cells in blue are inputs. Replace with actual rates/quotes when known.
B7: Labor Rates ($ / day, blended)
B8: Role | C8: Daily Rate ($) | E8: Note
B9: Tech Lead | C9: 1450 | E9: Illustrative U.S. blended consulting rate — replace with actual rate
B10: Backend/FHIR Engineer 1 | C10: 1100 | E10: Illustrative U.S. blended consulting rate — replace with actual rate
B11: Backend/FHIR Engineer 2 | C11: 1100 | E11: Illustrative U.S. blended consulting rate — replace with actual rate
B12: Data/Integration Engineer | C12: 1100 | E12: Illustrative U.S. blended consulting rate — replace with actual rate
B13: Frontend Engineer | C13: 1000 | E13: Illustrative U.S. blended consulting rate — replace with actual rate
B14: QA Engineer | C14: 900 | E14: Illustrative U.S. blended consulting rate — replace with actual rate
B15: Security Engineer | C15: 1250 | E15: Illustrative U.S. blended consulting rate — replace with actual rate
B16: Product/Clinical SME | C16: 1300 | E16: Illustrative U.S. blended consulting rate — replace with actual rate
B17: Project Manager | C17: 1050 | E17: Illustrative U.S. blended consulting rate — replace with actual rate
B18: Clinical Policy Reviewer | C18: 950 | E18: Illustrative U.S. blended consulting rate — replace with actual rate
B20: Schedule Assumptions
B21: Working days per week | C21: 5 | E21: Standard 5-day work week
B22: Build duration (weeks) | C22: 18 | E22: From the Implementation Plan — total project End Week
B23: Avg. working days per month | C23: 21.7 | E23: 52 weeks x 5 days / 12 months
B24: Build duration (months) | C24: =C22*C21/C23 -> 4.1474654 | E24: Calculated from build duration in weeks
B26: Cloud Hosting — Infrastructure (Monthly, USD)
B27: Cloud Provider | C27: Azure | E27: Select AWS or Azure — drives the Total Infrastructure cost below. Default set to Azure per the Idaho Medicaid CMS-0057 assessment (Infrastructure Q1: Azure preferred for state projects)
B28: Component | C28: AWS ($/mo) | D28: Azure ($/mo) | E28: Note
B29: Compute — CRD/DTR/PAS microservices | C29: 1400 | D29: 1500 | E29: AWS Fargate (ECS) / Azure Container Apps
B30: Managed FHIR Datastore | C30: 2800 | D30: 3200 | E30: AWS HealthLake / Azure Health Data Services (FHIR service)
B31: PA Aggregation DB & Object Storage | C31: 600 | D31: 650 | E31: RDS Postgres + S3 / Azure Cosmos DB + Blob Storage
B32: DTR SMART App Hosting (CDN) | C32: 300 | D32: 300 | E32: CloudFront + S3 / Azure Static Web Apps + CDN
B33: API Gateway / Load Balancer | C33: 250 | D33: 280 | E33: AWS ALB + API Gateway / Azure API Management
B34: Backup & Disaster Recovery | C34: 400 | D34: 450 | E34: Cross-region backup and point-in-time recovery
B35: Monitoring & Logging | C35: 300 | D35: 320 | E35: Amazon CloudWatch / Azure Monitor
B36: Security — WAF, Key Mgmt, Secrets | C36: 250 | D36: 270 | E36: AWS WAF + KMS / Azure Front Door WAF + Key Vault
B37: Total Infrastructure (Monthly, Selected Provider) | C37: =IF(C27="AWS",SUM(C29:C36),SUM(D29:D36)) -> 6970
B39: Integration Scope — EMR Connections
B40: EMR connections included in base build | C40: 1 | E40: Base build (Phase 4b) integrates one EMR via generic US Core v3
B41: Total EMR connections in scope | C41: 4 | E41: Idaho: Epic + Oracle Health/Cerner + MEDITECH + 1 platform for remaining independent/CAH facilities — see Idaho EMR & Facility Landscape below
B42: Cost per additional EMR connection (one-time) | C42: 35000 | E42: Vendor app-store certification (e.g., Epic App Orchard), sandbox integration & testing
B43: Cost per additional EMR connection (monthly, ongoing) | C43: 500 | E43: Ongoing vendor fees + maintenance per connected EMR
B44: Additional EMR connections | C44: =MAX(0,C41-C40) -> 3 | E44: Total minus what the base build already includes
B46: Idaho EMR & Facility Landscape
B47: Research-based facility counts per EMR platform, current as of July 2026 (see chat for sources). The ‘Platform’ rows above cover the one-time engineering cost to integrate with each EMR VENDOR once; every individual hospital/facility running that vendor still needs its own site rollout — that per-facility cost is priced separately below.
B48: EMR Platform | C48: Idaho Hospital Facilities | E48: Note / Source
B49: Epic | C49: 7 | E49: St. Luke's Health System (6 hospitals) + Kootenai Health (1) — both confirmed Epic
B50: Oracle Health / Cerner | C50: 2 | E50: Saint Alphonsus Idaho facilities (Boise + Nampa); Trinity Health parent may migrate to Epic over time — monitor
B51: MEDITECH | C51: 9 | E51: HCA/Eastern Idaho Regional Medical Center (1, confirmed Expanse) + ~8 estimated critical access hospitals (MEDITECH targets 1-200 bed facilities)
B52: Other / Unconfirmed (CPSI, Cerner CommunityWorks, athenahealth, independent) | C52: 37 | E52: Remaining Idaho hospitals, mostly small critical access facilities — vendor mix not individually confirmed, needs direct payer/facility outreach
B53: Total Idaho Hospital Facilities | C53: =SUM(C49:C52) -> 55 | E53: Idaho: 55 hospitals total, incl. 27 CMS-designated critical access hospitals (Becker's Hospital Review / RHT Compass, 2025)
B55: Facilities in scope for initial deployment | C55: 18 | E55: Default = the 3 confirmed platforms only (Epic 7 + Oracle Health/Cerner 2 + MEDITECH 9); expand once the 'Other/Unconfirmed' 37 are vendor-confirmed
B56: Cost per facility install (one-time) | C56: 4000 | E56: Site-specific go-live: order-set/workflow validation, local IT coordination, provider orientation — much lighter than the platform-level build
B57: Cost per facility install (monthly, ongoing) | C57: 150 | E57: Per-site monitoring, credential rotation, minor local config support
B58: Total Facility Rollout Cost (one-time) | C58: =C55*C56 -> 72000
B59: Total Facility Connectivity Cost (monthly, ongoing) | C59: =C55*C57 -> 2700
B61: Idaho Medicaid -- CMS-0057 Assessment Findings (Reference)
B62: Source: CMS-0057 Assessment Questionnaire completed by Idaho Medicaid, dated 7/27/2026. These are real, payer-reported figures used to ground and sanity-check the assumptions above -- most cells below are reference-only (not formula inputs) unless noted.
B63: Finding | C63: Value / Answer | E63: Cost model implication
B64: Total covered lives (all plans) | C64: 307,929 (FFS/Medicaid); 305,346 Dental/NEMT/BH; 26,546 Duals | E64: Cross-check only -- not directly used in labor/infra formulas
B65: In-network providers | C65: 32,000 | E65: Includes all provider/facility NPIs, not just physicians -- do not conflate with EMR platform or facility-install counts above
B66: Medical PAs per month / Drug (pharmacy) PAs per month | C66: 3,300 / 3,910 (~86,760/year combined) | E66: No PA-volume-driven cost exists yet in this model (EDI/watsonx lines are flat monthly estimates) -- flagged as a refinement opportunity
B67: Top EMR(s) used by network providers | C67: Only Epic confirmed; 2nd and 3rd EMR left blank on the assessment | E67: Payer itself lacks full network EMR visibility -- see new 'Provider EMR & Network Discovery' one-time cost above
B68: Total number of medical guidelines/policies | C68: Left blank -- unknown even internally | E68: Confirms the Policy Ingestion 'Policies per payer' assumption is a true placeholder industry-wide, not just a gap in this model -- see new 'Payer Policy Count Discovery' cost above
B69: Medical guideline vendor | C69: MCG (not InterQual, not both) | E69: Third-Party Licensing above updated: InterQual defaulted to $0
B70: Guidelines already codified/computable? | C70: Not answered (blank) | E70: If MCG content is already API-accessible/computable, Policy Ingestion review cost could be materially lower than modeled -- confirm with payer/vendor before finalizing
B71: PA required by service line | C71: NOT required for: Radiology, High-Tech Radiology, Radiation Therapy, MSK, Sleep Studies, Chiropractic, Post-Acute Care. Required for: Inpatient Admissions, Transplants, Cardiology, Behavioral Health, PT/OT/ST, DME, Diabetic Supplies, Home Health, Air Ambulance | E71: Imaging/radiology -- the flagship use case in this solution's design -- is PA-EXEMPT for Idaho Medicaid; re-scope DTR rule priorities toward inpatient/transplant/cardiology/behavioral-health/DME instead
B72: Current PA exchange channel (all 18 service lines) | C72: 100% X12 278/275 + File-Based + Web Portal -- zero FHIR API or non-FHIR API in use anywhere | E72: EDI Translator (X12 278/275) is the critical near-term path, not a secondary fallback -- Claim/$submit (FHIR) has no live counterpart yet at this payer
B73: Distinct UM vendors administering PA | C73: Telligen (most medical), Magellan (behavioral health), Prime (pharmacy/diabetic supplies), Internal (home health, air ambulance, DD waiver) | E73: Drove the new 'Additional UM sub-vendors per payer' cost above
B74: Actual average PA turnaround time (TAT) | C74: 289 hours 14 min (~12 days) for pharmacy, mostly fax-based; contractual target is 7 days (168 hrs) standard / 72 hrs urgent; medical TAT not quantified ('dependent on business units') | E74: Current process already misses today's own contractual SLA -- strengthens the automation ROI case; not a direct cost input
... B79: Existing EMR integration | C79: 'No -- we do not currently integrate with EMRs' | E79: Confirms all EMR connection work in this model is greenfield, not incremental
B81: Integration Scope — Payer Connections
B82: A single 'payer' relationship is rarely one integration point -- the Idaho Medicaid CMS-0057 assessment shows PA is administered through 4+ independent UM vendors by service line (Telligen for most medical, Magellan for behavioral health, Prime for pharmacy/diabetic supplies, Internal for home health/air ambulance), all via X12/File/Portal today, none via FHIR API. Sub-vendor integrations are priced separately below.
B83: Production payer connections in scope | C83: 3 | E83: Each payer requires its own CRD/DTR/PAS endpoint onboarding & trading partner agreement
B84: Cost per payer onboarding (one-time) | C84: 20000 | E84: Endpoint conformance testing, EDI 278/275 mapping validation, trading partner agreement, go-live certification
B85: Cost per payer connection (monthly, ongoing) | C85: 750 | E85: Monitoring + per-payer clearinghouse/EDI fees
B86: Additional UM sub-vendors per payer (avg) | C86: 3 | E86: Idaho Medicaid: Magellan (behavioral health) + Prime (pharmacy/diabetic supplies) + Internal (home health/air ambulance), beyond the primary UM vendor already priced above
B87: Cost per UM sub-vendor integration (one-time) | C87: 8000 | E87: Lighter than a full payer onboarding -- reuses the parent payer's trading partner agreement
B88: Cost per UM sub-vendor integration (monthly, ongoing) | C88: 300 | E88: Monitoring + sub-vendor-specific EDI/file-feed maintenance
B90: Other Endpoints
B91: EDI clearinghouse connection setup (one-time) | C91: 8000 | E91: One-time trading-partner setup, distinct from the monthly translator fee below
B92: Additional HIE / data-source connections | C92: 0 | E92: State HIE or other external clinical data source — optional, defaults to none
B93: Cost per additional HIE connection (one-time) | C93: 15000 | E93: Only applies if the count above is > 0
B95: Third-Party Licensing
B96: Item | C96: Cost | E96: Note
B97: Milliman Care Guidelines API (annual) | C97: 60000 | E97: Idaho Medicaid CMS-0057 assessment (Q23) confirms MCG as the sole guideline vendor -- this line represents that MCG license; confirm exact fee with vendor
B98: InterQual API (annual) | C98: 0 | E98: Set to $0 by default -- Idaho Medicaid assessment shows MCG only, not InterQual; re-enable only if a specific payer confirms InterQual use
B99: EDI Clearinghouse / Translator (monthly) | C99: 1500 | E99: Transaction-based estimate for X12 278/275
B100: watsonx / GenAI Usage — Build Phase (monthly) | C100: 2000 | E100: Lower volume during build/test
B101: watsonx / GenAI Usage — Post-Launch (monthly) | C101: 4000 | E101: Estimated production volume
B103: Infor Cloverleaf — Optional COTS Integration Engine
B104: Infor Cloverleaf is a healthcare-focused HL7/FHIR/Da Vinci-capable integration engine that could serve as (or supplement) the custom-built EDI Translator line above. Infor does not publish list pricing -- market benchmarks show roughly $15K-$30K per interface per year in license fees, plus $100K-$400K in professional services for a mid-market deployment (source: public pricing aggregators, not an Infor quote). Figures below reflect Richard's estimate ($100K/year license, $200K one-time install/setup), which falls squarely in that benchmark range.
B105: Include Infor Cloverleaf? | C105: Yes | E105: Toggle to No to exclude from all totals -- e.g., if the custom-built EDI Translator is used instead of a COTS engine
B106: Infor Cloverleaf annual license | C106: 100000 | E106: Estimate (Richard) -- Infor quotes custom; market range roughly $55K-$120K+/year depending on interface count
B107: Infor Cloverleaf implementation & setup (one-time) | C107: 200000 | E107: Estimate (Richard) -- mid-market professional services for interface engines typically run $100K-$400K
B109: CMS-0057-F APIs — Patient Access, Provider Access, Payer-to-Payer
B110: CMS-0057-F requires four FHIR APIs by 1/1/2027: Prior Authorization (the core scope of this entire build, above), Patient Access, Provider Access, and Payer-to-Payer. This section prices the three that are additive to the Prior Auth build. If Infor Cloverleaf is included above, these three API interfaces are assumed to be built and hosted on that platform rather than as custom FHIR server code -- the labor figures below are lighter than a from-scratch build would require as a result; set Cloverleaf to No and increase these figures if building custom.
B111: Patient Access API (Enhancement)
B112: Idaho Medicaid already operates a Patient Access API via Onyx (CMS-9115-F, confirmed in the CMS-0057 assessment) -- this is an enhancement to add prior-auth status/decision data and upgrade to SMART App Launch 2.0, not a from-scratch build.
B113: Patient Access API enhancement (one-time) | C113: 45000 | E113: Add prior-auth data classes + SMART App Launch 2.0 upgrade to existing Onyx-hosted API
B114: Patient Access API — incremental vendor fee (monthly, ongoing) | C114: 500 | E114: Incremental fee on top of existing Onyx contract
B116: Provider Access API (Net New Build)
B117: No equivalent exists today. Requires FHIR Bulk Data Access IG v1.0.0, USCDI data classes, backend-services (SMART Backend Services) authentication, and patient-provider attribution logic to determine which providers can pull which patients' data.
B118: Provider Access API build (one-time) | C118: 180000 | E118: FHIR endpoint + Bulk Data Access IG + attribution logic + backend-services auth
...

Sheet Task Cost Detail
A1: ID | B1: Phase | C1: Task | D1: Owner Role | E1: Person-Days | F1: Daily Rate ($) | G1: Task Cost ($)
A2: S0-01 | B2: S0 | C2: Repo & Environment Review | D2: Tech Lead | E2: 3 | F2: =INDEX(Assumptions!$C$9:$C$18,MATCH(D2,Assumptions!$B$9:$B$18,0)) -> 1450 | G2: =E2*F2 -> 4350
A3: S0-02 | B3: S0 | C3: Cut feature/phase4-crd-dtr-pas-integration Branch | D3: Tech Lead | E3: 0.5 | F3: =INDEX(Assumptions!$C$9:$C$18,MATCH(D3,Assumptions!$B$9:$B$18,0)) -> 1450 | G3: =E3*F3 -> 725
A4: S0-03 | B4: S0 | C4: Intelligent Policy Engine Schema Spike | D4: Data/Integration Engineer | E4: 5 | F4: =INDEX(Assumptions!$C$9:$C$18,MATCH(D4,Assumptions!$B$9:$B$18,0)) -> 1100 | G4: =E4*F4 -> 5500
A5: S0-04 | B5: S0 | C5: Milliman/InterQual API Access & Licensing Confirmation | D5: Product/Clinical SME | E5: 3 | F5: =INDEX(Assumptions!$C$9:$C$18,MATCH(D5,Assumptions!$B$9:$B$18,0)) -> 1300 | G5: =E5*F5 -> 3900
A6: S0-05 | B6: S0 | C6: Payer Endpoint Directory & Capability Schema | D6: Backend/FHIR Engineer 1 | E6: 3 | F6: =INDEX(Assumptions!$C$9:$C$18,MATCH(D6,Assumptions!$B$9:$B$18,0)) -> 1100 | G6: =E6*F6 -> 3300
A7: S0-06 | B7: S0 | C7: CI/CD & Environment Setup | D7: Tech Lead | E7: 2 | F7: =INDEX(Assumptions!$C$9:$C$18,MATCH(D7,Assumptions!$B$9:$B$18,0)) -> 1450 | G7: =E7*F7 -> 2900
A8: S0-07 | B8: S0 | C8: Confidence-Threshold Policy Workshop | D8: Product/Clinical SME | E8: 2 | F8: =INDEX(Assumptions!$C$9:$C$18,MATCH(D8,Assumptions!$B$9:$B$18,0)) -> 1300 | G8: =E8*F8 -> 2600
A9: 4A-01 | B9: 4A | C9: CDS Hooks Client | D9: Backend/FHIR Engineer 1 | E9: 5 | F9: =INDEX(Assumptions!$C$9:$C$18,MATCH(D9,Assumptions!$B$9:$B$18,0)) -> 1100 | G9: =E9*F9 -> 5500
A10: 4A-02 | B10: 4A | C10: Prior Auth Service Orchestrator (Skeleton) | D10: Backend/FHIR Engineer 1 | E10: 5 | F10: =INDEX(Assumptions!$C$9:$C$18,MATCH(D10,Assumptions!$B$9:$B$18,0)) -> 1100 | G10: =E10*F10 -> 5500
A11: 4A-03 | B11: 4A | C11: Eligibility & Enrollment Check | D11: Backend/FHIR Engineer 2 | E11: 4 | F11: =INDEX(Assumptions!$C$9:$C$18,MATCH(D11,Assumptions!$B$9:$B$18,0)) -> 1100 | G11: =E11*F11 -> 4400
A12: 4A-04 | B12: 4A | C12: Provider Network Status Check | D12: Backend/FHIR Engineer 2 | E12: 4 | F12: =INDEX(Assumptions!$C$9:$C$18,MATCH(D12,Assumptions!$B$9:$B$18,0)) -> 1100 | G12: =E12*F12 -> 4400
A13: 4A-05 | B13: 4A | C13: Milliman/InterQual Guideline Check | D13: Backend/FHIR Engineer 2 | E13: 4 | F13: =INDEX(Assumptions!$C$9:$C$18,MATCH(D13,Assumptions!$B$9:$B$18,0)) -> 1100 | G13: =E13*F13 -> 4400
... A58: HD-07 | B58: HD | C58: Documentation & Handoff | D58: Tech Lead | E58: 2 | F58: =INDEX(Assumptions!$C$9:$C$18,MATCH(D58,Assumptions!$B$9:$B$18,0)) -> 1450 | G58: =E58*F58 -> 2900
C59: TOTAL | E59: =SUM(E2:E58) -> 204.5 | G59: =SUM(G2:G58) -> 221575

Sheet Cost Summary
B2: Cost Summary — Implementation (Build) Cost
B3: Scope: 1 payer set of test profiles is built/tested in Phase 4b; production EMR and payer connection counts are set in Assumptions.
B5: Labor Cost by Role
B6: Role | C6: Person-Days | D6: Cost ($)
B7: Tech Lead | C7: =SUMIF('Task Cost Detail'!$D$2:$D$1000,B7,'Task Cost Detail'!$E$2:$E$1000) -> 7.5 | D7: =SUMIF('Task Cost Detail'!$D$2:$D$1000,B7,'Task Cost Detail'!$G$2:$G$1000) -> 10875
B8: Backend/FHIR Engineer 1 | C8: =SUMIF('Task Cost Detail'!$D$2:$D$1000,B8,'Task Cost Detail'!$E$2:$E$1000) -> 57 | D8: =SUMIF('Task Cost Detail'!$D$2:$D$1000,B8,'Task Cost Detail'!$G$2:$G$1000) -> 62700
B9: Backend/FHIR Engineer 2 | C9: =SUMIF('Task Cost Detail'!$D$2:$D$1000,B9,'Task Cost Detail'!$E$2:$E$1000) -> 47 | D9: =SUMIF('Task Cost Detail'!$D$2:$D$1000,B9,'Task Cost Detail'!$G$2:$G$1000) -> 51700
B10: Data/Integration Engineer | C10: =SUMIF('Task Cost Detail'!$D$2:$D$1000,B10,'Task Cost Detail'!$E$2:$E$1000) -> 13 | D10: =SUMIF('Task Cost Detail'!$D$2:$D$1000,B10,'Task Cost Detail'!$G$2:$G$1000) -> 14300
B11: Frontend Engineer | C11: =SUMIF('Task Cost Detail'!$D$2:$D$1000,B11,'Task Cost Detail'!$E$2:$E$1000) -> 32 | D11: =SUMIF('Task Cost Detail'!$D$2:$D$1000,B11,'Task Cost Detail'!$G$2:$G$1000) -> 32000
B12: QA Engineer | C12: =SUMIF('Task Cost Detail'!$D$2:$D$1000,B12,'Task Cost Detail'!$E$2:$E$1000) -> 28 | D12: =SUMIF('Task Cost Detail'!$D$2:$D$1000,B12,'Task Cost Detail'!$G$2:$G$1000) -> 25200
B13: Security Engineer | C13: =SUMIF('Task Cost Detail'!$D$2:$D$1000,B13,'Task Cost Detail'!$E$2:$E$1000) -> 4 | D13: =SUMIF('Task Cost Detail'!$D$2:$D$1000,B13,'Task Cost Detail'!$G$2:$G$1000) -> 5000
B14: Product/Clinical SME | C14: =SUMIF('Task Cost Detail'!$D$2:$D$1000,B14,'Task Cost Detail'!$E$2:$E$1000) -> 12 | D14: =SUMIF('Task Cost Detail'!$D$2:$D$1000,B14,'Task Cost Detail'!$G$2:$G$1000) -> 15600
B15: Project Manager | C15: =SUMIF('Task Cost Detail'!$D$2:$D$1000,B15,'Task Cost Detail'!$E$2:$E$1000) -> 4 | D15: =SUMIF('Task Cost Detail'!$D$2:$D$1000,B15,'Task Cost Detail'!$G$2:$G$1000) -> 4200
B16: Clinical Policy Reviewer | C16: =SUMIF('Task Cost Detail'!$D$2:$D$1000,B16,'Task Cost Detail'!$E$2:$E$1000) -> 0 | D16: =SUMIF('Task Cost Detail'!$D$2:$D$1000,B16,'Task Cost Detail'!$G$2:$G$1000) -> 0
B17: Total Labor Cost | C17: =SUM(C7:C16) -> 204.5 | D17: =SUM(D7:D16) -> 221575
B19: Labor Cost by Phase
B20: Phase | C20: Phase Name | D20: Cost ($)
B21: S0 | C21: Sprint 0 — Foundation & Design Spike | D21: =SUMIF('Task Cost Detail'!$B$2:$B$1000,B21,'Task Cost Detail'!$G$2:$G$1000) -> 23275
B22: 4A | C22: Phase 4a — CRD Integration & Checklist UI | D22: =SUMIF('Task Cost Detail'!$B$2:$B$1000,B22,'Task Cost Detail'!$G$2:$G$1000) -> 43750
B23: 4B | C23: Phase 4b — DTR, Aggregation FHIR Server & Necessity Tree UI | D23: =SUMIF('Task Cost Detail'!$B$2:$B$1000,B23,'Task Cost Detail'!$G$2:$G$1000) -> 55150
B24: 4C | C24: Phase 4c — PAS Submission & Channel Routing | D24: =SUMIF('Task Cost Detail'!$B$2:$B$1000,B24,'Task Cost Detail'!$G$2:$G$1000) -> 29300
B25: 4D | C25: Phase 4d — Evidence Record & Status Sync | D25: =SUMIF('Task Cost Detail'!$B$2:$B$1000,B25,'Task Cost Detail'!$G$2:$G$1000) -> 26200
B26: 4E | C26: Phase 4e — Back-Office Batch Worklist | D26: =SUMIF('Task Cost Detail'!$B$2:$B$1000,B26,'Task Cost Detail'!$G$2:$G$1000) -> 17600
B27: HD | C27: Hardening — Integration, Security, Compliance, UAT | D27: =SUMIF('Task Cost Detail'!$B$2:$B$1000,B27,'Task Cost Detail'!$G$2:$G$1000) -> 26300
B29: Scope Detail — EMR, Payer & Other Endpoints
B30: Item | C30: Quantity | D30: Cost ($, one-time)
B31: EMR connections (additional, beyond base build) | C31: =Assumptions!C44 -> 3 | D31: =Assumptions!C44*Assumptions!C42 -> 105000
B32: Payer connections (production onboarding) | C32: =Assumptions!C83 -> 3 | D32: =Assumptions!C83*Assumptions!C84 -> 60000
B33: UM sub-vendor integrations (Magellan/Prime/Internal-style) | C33: =Assumptions!C83*Assumptions!C86 -> 9 | D33: =Assumptions!C83*Assumptions!C86*Assumptions!C87 -> 72000
B34: EDI clearinghouse connection setup | C34: 1 | D34: =Assumptions!C91 -> 8000
B35: Additional HIE / data-source connections | C35: =Assumptions!C92 -> 0 | D35: =Assumptions!C92*Assumptions!C93 -> 0
B36: Idaho facility rollout (per-site install, one-time) | C36: =Assumptions!C55 -> 18 | D36: =Assumptions!C58 -> 72000
B37: Total EMR / Payer / Endpoint Cost | D37: =D31+D32+D33+D34+D35+D36 -> 317000
B39: HIPAA & Compliance Certification
B40: Item | C40: Cost ($, one-time)
B41: HIPAA Risk Assessment & Remediation | C41: =Assumptions!C140 -> 30000
B42: BAA Legal Review & Execution | C42: =Assumptions!C141 -> 5000
B43: SOC 2 Type II — Year 1 (readiness + audit) | C43: =Assumptions!C142 -> 45000
B44: HITRUST CSF Certification (if included) | C44: =IF(Assumptions!C144="Yes",Assumptions!C145,0) -> 0
B45: Total Compliance Cost | C45: =SUM(C41:C44) -> 80000
B47: Policy Ingestion & Clinical Review (Intelligent Policy Engine -> DTR Rules)
B48: Metric | C48: Value | D48: Note
B49: Production payer connections | C49: =Assumptions!C83 -> 3 | D49: From Integration Scope — Payer Connections
B50: Policies per payer (initial scope) | C50: =Assumptions!C164 -> 150 | D50: PLACEHOLDER — confirm actual policy library size per payer
B51: Total policies — initial ingestion | C51: =Assumptions!C165 -> 450 | D51: Clinically reviewed once, at launch
B52: Cost per document — initial ingestion | C52: =Assumptions!C172 -> 237.5 | D52: Clinical Policy Reviewer hourly rate x initial review hours
B53: Total Initial Policy Review Cost (one-time) | C53: =Assumptions!C174 -> 106875
B54: Implied Clinical Policy Reviewer FTEs (to clear initial backlog within the build window) | C54: =Assumptions!C176 -> 1.25 | D54: Staffing guide only — see Assumptions
B55: New / revised policies per payer, per year (ongoing) | C55: =Assumptions!C166 -> 30 | D55: Illustrative annual revision rate
B56: Total policies processed — annual (ongoing) | C56: =Assumptions!C167 -> 90 | D56: Feeds the Ongoing Run-Rate tab
B58: Idaho EMR & Facility Rollout
B59: Metric | C59: Value | D59: Note
B60: Total Idaho hospital facilities (all vendors) | C60: =Assumptions!C53 -> 55 | D60: 55 hospitals statewide, incl. 27 critical access hospitals
B61: Facilities in scope for initial deployment | C61: =Assumptions!C55 -> 18 | D61: Epic (7) + Oracle Health/Cerner (2) + MEDITECH (9) -- the 3 confirmed platforms
B62: Cost per facility (one-time) | C62: =Assumptions!C56 -> 4000 | D62: Site go-live: workflow validation, IT coordination, training
B63: Total Facility Rollout Cost (one-time) | C63: =Assumptions!C58 -> 72000
B64: Cost per facility (monthly, ongoing) | C64: =Assumptions!C57 -> 150 | D64: Per-site monitoring, credential rotation, local support
B66: Implementation Cost Build-Up
B67: Category | C67: Cost ($) | D67: Basis
B68: Labor | C68: =D17 -> 221575 | D68: Sum of all 57 task costs (Task Cost Detail)
B69: Infrastructure (build phase) | C69: =Assumptions!C37*Assumptions!C24 -> 28907.834 | D69: Monthly infra total (selected cloud provider) x build duration in months
B70: Third-Party Licensing (build phase) | C70: =Assumptions!C97/12*Assumptions!C24+Assumptions!C98/12*Assumptions!C24+Assumptions!C99*Assumptions!C24+Assumptions!C100*Assumptions!C24 -> 35253.456 | D70: Milliman + InterQual (pro-rated annual) + EDI translator + watsonx, all x build months
B71: EMR / Payer / Other Endpoint Onboarding | C71: =D37 -> 317000 | D71: See Scope Detail above
B72: HIPAA & Compliance Certification | C72: =C45 -> 80000 | D72: See HIPAA & Compliance Certification above
B73: One-Time Costs (Other) | C73: =Assumptions!C153 -> 68000 | D73: Security penetration test + UAT logistics
B74: Policy Ingestion — Initial Clinical Review | C74: =Assumptions!C174 -> 106875 | D74: Clinical Policy Reviewer sign-off on every policy converted to a DTR rule set at launch — see Assumptions
B75: Infor Cloverleaf Integration Engine (optional) | C75: =IF(Assumptions!C105="Yes",Assumptions!C107+Assumptions!C106/12*Assumptions!C24,0) -> 234562.21 | D75: One-time implementation + prorated annual license across build months — toggle in Assumptions
B76: CMS-0057-F APIs — Patient/Provider/Payer-to-Payer | C76: =Assumptions!C136 -> 516000 | D76: Patient Access enhancement + Provider Access build + Payer-to-Payer build/consent + prior payer connections — see Assumptions
B77: Subtotal | C77: =SUM(C68:C76) -> 1608173.5
B78: Contingency | C78: =C77*Assumptions!C155 -> 241226.03 | D78: Contingency % applied to subtotal
B79: TOTAL IMPLEMENTATION COST | C79: =C77+C78 -> 1849399.5

Sheet Ongoing Run-Rate
B2: Ongoing Run-Rate — Post Go-Live (Steady State)
B3: Monthly and annual operating cost once the solution is live, independent of the one-time build cost.
B5: Category | C5: Monthly ($) | D5: Basis
B6: Infrastructure & Hosting (scaled for production) | C6: =Assumptions!C37*Assumptions!C160 -> 8364 | D6: Build-phase infra monthly total (selected cloud provider) x post-launch scale-up factor
B7: Third-Party Licensing (recurring) | C7: =Assumptions!C97/12+Assumptions!C98/12+Assumptions!C99+Assumptions!C101 -> 10500 | D7: Milliman/12 + InterQual/12 + EDI translator + watsonx (post-launch volume)
B8: Backend/FHIR Support Labor | C8: =Assumptions!C158*Assumptions!C10*Assumptions!C23 -> 11935 | D8: Support FTE allocation x daily rate x avg. working days/month
B9: QA Support Labor | C9: =Assumptions!C159*Assumptions!C14*Assumptions!C23 -> 4882.5 | D9: Support FTE allocation x daily rate x avg. working days/month
B10: Additional EMR Connections (maintenance) | C10: =Assumptions!C44*Assumptions!C43 -> 1500 | D10: Additional EMR connections x ongoing monthly rate per connection
B11: Payer Connections (monitoring & fees) | C11: =Assumptions!C83*Assumptions!C85 -> 2250 | D11: Production payer connections x ongoing monthly rate per connection
B12: UM Sub-Vendor Integrations (monitoring & fees) | C12: =Assumptions!C83*Assumptions!C86*Assumptions!C88 -> 2700 | D12: Payer connections x sub-vendors per payer x ongoing monthly rate per sub-vendor
B13: SOC 2 Type II Annual Renewal (amortized monthly) | C13: =Assumptions!C143/12 -> 2083.3333 | D13: Annual renewal cost spread across 12 months
B14: HITRUST CSF Annual Renewal (amortized monthly, if included) | C14: =IF(Assumptions!C144="Yes",Assumptions!C146/12,0) -> 0 | D14: Only non-zero if HITRUST is included in Assumptions
B15: Policy Revision — Clinical Review (amortized monthly) | C15: =Assumptions!C175/12 -> 890.625 | D15: Annual clinical review cost for new/revised payer policies, spread across 12 months
B16: Facility Connectivity (per-install, ongoing) | C16: =Assumptions!C59 -> 2700 | D16: Facilities in scope x monthly cost per facility install (Idaho EMR & Facility Landscape)
B17: Infor Cloverleaf (annual license, amortized monthly, optional) | C17: =IF(Assumptions!C105="Yes",Assumptions!C106/12,0) -> 8333.3333 | D17: Toggle in Assumptions — alternative/complement to the EDI Clearinghouse/Translator line above
B18: CMS-0057-F APIs — Patient/Provider/Payer-to-Payer (ongoing) | C18: =Assumptions!C137 -> 8200 | D18: Patient Access vendor fee + Provider Access hosting + Payer-to-Payer ops + prior payer connection monitoring
B19: Total Monthly Run-Rate | C19: =SUM(C6:C18) -> 64338.792
B20: Total Annual Run-Rate | C20: =C19*12 -> 772065.5
